    {
        "sebobject":{
            "libObject_id" : 99999
        },
        "metadata": {
            "formatVersion" : 3.1,
            "generatedBy"   : "Blender 2.7 Exporter",
            "vertices"      : 20,
            "faces"         : 18,
            "normals"       : 20,
            "colors"        : 0,
            "uvs"           : [9],
            "materials"     : 1,
            "morphTargets"  : 0,
            "bones"         : 0
        },

            "scale" : 1.000000,
            
            "vertices" : [-0.5,-6.01007e-08,0.5,-0.5,-0.1,0.5,0.5,-0.1,0.5,0.5,-6.01007e-08,0.5,-0.5,-0.0999999,-0.5,-0.5,6.01007e-08,-0.5,0.5,-0.0999999,-0.5,0.5,6.01007e-08,-0.5,-0.150274,0.482166,0.150274,0.150274,0.482166,0.150274,-0.150274,0.482166,-0.150274,0.150274,0.482166,-0.150274,-0.0779234,0.482166,0.0779234,0.0779234,0.482166,0.0779234,-0.0779234,0.482166,-0.0779235,0.0779234,0.482166,-0.0779235,-0.0779234,0.104476,0.0779234,0.0779234,0.104476,0.0779234,-0.0779234,0.104476,-0.0779235,0.0779234,0.104476,-0.0779235],
            "faces"    : [43,0,1,2,3,0,0,1,2,3,0,1,2,3,43,0,5,4,1,0,0,4,5,1,0,4,5,1,43,2,1,4,6,0,5,1,6,7,2,1,5,6,43,7,6,4,5,0,4,5,1,0,7,6,5,4,43,2,6,7,3,0,1,2,3,0,2,6,7,3,43,0,3,9,8,0,0,3,3,0,0,3,8,9,43,8,9,13,12,0,0,3,3,0,9,8,10,11,43,5,0,8,10,0,4,0,0,4,4,0,9,12,43,7,5,10,11,0,4,0,0,4,7,4,12,13,43,3,7,11,9,0,0,3,3,0,3,7,13,8,43,14,12,16,18,0,4,0,0,4,14,11,15,16,43,11,10,14,15,0,4,0,0,4,13,12,14,17,43,9,11,15,13,0,0,3,3,0,8,13,17,10,43,10,8,12,14,0,4,0,0,4,12,9,11,14,43,18,16,17,19,0,6,1,2,8,16,15,18,19,43,12,13,17,16,0,0,3,3,0,11,10,18,15,43,15,14,18,19,0,4,0,0,4,17,14,16,19,43,13,15,19,17,0,0,3,3,0,10,17,19,18],
            "uvs"      : [[0,0.63,0,0,3,0,3,0.63,-3,0.63,-3,0,0,3,-3,3,3,3]],
            "normals"  : [-0.665731,0.336955,0.665731,-0.577349,-0.577349,0.577349,0.577349,-0.577349,0.577349,0.665731,0.336955,0.665731,-0.665731,0.336955,-0.665731,-0.577349,-0.577349,-0.577349,0.577349,-0.577349,-0.577349,0.665731,0.336955,-0.665731,0.361888,0.859096,0.361888,-0.361888,0.859096,0.361888,-0.301492,0.904508,-0.301492,0.301492,0.904508,-0.301492,-0.361888,0.859096,-0.361888,0.361888,0.859096,-0.361888,0.301492,0.904508,0.301492,0.577349,0.577349,-0.577349,0.577349,0.577349,0.577349,-0.301492,0.904508,0.301492,-0.577349,0.577349,-0.577349,-0.577349,0.577349,0.577349],
            
            "skinIndices"  : [],
            "skinWeights"  : [],
            "morphTargets" : [],
            
            "bones"      : [],
            "animations" : [],
            
            "colors"    : [],
            "materials" : [
				{
					"DbgColor": 15658734,
					"DbgIndex": 0,
					"DbgName": "Stone.002",
					"blending": "NormalBlending",
					"colorAmbient": [0.07959224283695221, 0.35883989930152893, 0.0],
					"colorDiffuse": [0.07959224283695221, 0.35883989930152893, 0.0],
					"colorEmissive": [0.0, 0.0, 0.0],
					"colorSpecular": [0.0, 0.0, 0.0],
					"depthTest": true,
					"depthWrite": true,
					"shading": "Phong",
					"specularCoef": 50,
					"transparency": 1.0,
					"transparent": false,
					"vertexColors": false
				}
            ]


    }
