    {
        "sebobject":{
            "libObject_id" : 99999
        },
        "metadata": {
            "formatVersion" : 3.1,
            "generatedBy"   : "Blender 2.7 Exporter",
            "vertices"      : 8,
            "faces"         : 6,
            "normals"       : 8,
            "colors"        : 0,
            "uvs"           : [8],
            "materials"     : 1,
            "morphTargets"  : 0,
            "bones"         : 0
        },

            "scale" : 1.000000,
            
            "vertices" : [-0.5,-6.01007e-08,0.5,-0.5,-0.1,0.5,0.5,-0.1,0.5,0.5,-6.01007e-08,0.5,-0.5,-0.0999999,-0.5,-0.5,6.01007e-08,-0.5,0.5,-0.0999999,-0.5,0.5,6.01007e-08,-0.5],
            "faces"    : [43,0,1,2,3,0,0,1,2,3,0,1,2,3,43,0,5,4,1,0,0,4,5,1,0,4,5,1,43,2,1,4,6,0,5,1,6,7,2,1,5,6,43,7,6,4,5,0,4,5,1,0,7,6,5,4,43,2,6,7,3,0,1,2,3,0,2,6,7,3,43,5,0,3,7,0,0,0,3,3,4,0,3,7],
            "uvs"      : [[0,0.63,0,0,3,0,3,0.63,-3,0.63,-3,0,0,3,-3,3]],
            "normals"  : [-0.577349,0.577349,0.577349,-0.577349,-0.577349,0.577349,0.577349,-0.577349,0.577349,0.577349,0.577349,0.577349,-0.577349,0.577349,-0.577349,-0.577349,-0.577349,-0.577349,0.577349,-0.577349,-0.577349,0.577349,0.577349,-0.577349],
            
            "skinIndices"  : [],
            "skinWeights"  : [],
            "morphTargets" : [],
            
            "bones"      : [],
            "animations" : [],
            
            "colors"    : [],
            "materials" : [
				{
					"DbgColor": 15658734,
					"DbgIndex": 0,
					"DbgName": "Stone.002",
					"blending": "NormalBlending",
					"colorAmbient": [0.07959224283695221, 0.35883989930152893, 0.0],
					"colorDiffuse": [0.07959224283695221, 0.35883989930152893, 0.0],
					"colorEmissive": [0.0, 0.0, 0.0],
					"colorSpecular": [0.0, 0.0, 0.0],
					"depthTest": true,
					"depthWrite": true,
					"shading": "Phong",
					"specularCoef": 50,
					"transparency": 1.0,
					"transparent": false,
					"vertexColors": false
				}
            ]


    }
