{
    "normals":[1,0,0,0.999969,0,0,0,0,1,-1,0,0,0,0,-1,-0.707083,-0.707083,0,0,-1,0,0,1,0],
    "materials":[{
        "vertexColors":false,
        "depthTest":true,
        "shading":"phong",
        "DbgIndex":0,
        "DbgName":"Asphalt.001",
        "opacity":1,
        "visible":true,
        "doubleSided":false,
        "colorEmissive":[0,0,0],
        "DbgColor":15658734,
        "blending":1,
        "colorDiffuse":[0.411765,0.411765,0.411765],
        "colorSpecular":[0.33,0.33,0.33],
        "wireframe":false,
        "specularCoef":50,
        "depthWrite":true,
        "transparent":false
    },{
        "vertexColors":false,
        "depthTest":true,
        "shading":"phong",
        "DbgIndex":1,
        "DbgName":"Stone.001",
        "opacity":1,
        "visible":true,
        "doubleSided":false,
        "colorEmissive":[0,0,0],
        "DbgColor":15597568,
        "blending":1,
        "colorDiffuse":[0.847059,0.827451,0.74902],
        "colorSpecular":[0.33,0.33,0.33],
        "wireframe":false,
        "specularCoef":50,
        "depthWrite":true,
        "transparent":false
    }],
    "vertices":[1.26077,0.622205,1.125,1.26077,-1.10779,1.125,1.26077,-1.10779,-1.125,1.26077,0.622205,-1.125,1.26077,0.622205,-0.75,1.26077,0.592206,-0.75,1.26077,0.292205,-0.75,1.26077,0.292205,0.75,1.26077,0.592205,0.75,1.26077,0.622205,0.75,-1.73923,0.622205,1.125,-1.73923,-0.00779475,1.125,-0.469229,-0.00779475,1.125,0.630771,-1.10779,1.125,-1.73923,0.622205,-1.125,-1.73923,-0.00779448,-1.125,-1.73923,0.622205,0.75,-1.73923,0.592205,0.75,-1.73923,0.292205,0.75,-1.73923,0.292205,-0.75,-1.73923,0.592206,-0.75,-1.73923,0.622205,-0.75,0.630771,-1.10779,-1.125,-0.469229,-0.00779448,-1.125,1.26077,0.592205,0.75,1.26077,0.592205,0.75,1.26077,0.622205,0.75,1.26077,0.622205,0.75,0.630771,-1.10779,-1.125,0.630771,-1.10779,-1.125,-0.469229,-0.00779448,-1.125,-0.469229,-0.00779448,-1.125,-1.73923,0.622205,0.75,-1.73923,0.622205,0.75,1.26077,-1.10779,-1.125,1.26077,-1.10779,-1.125,1.26077,0.622205,-1.125,1.26077,0.622205,-1.125,-1.73923,0.592205,0.75,-1.73923,0.592205,0.75,1.26077,0.592206,-0.75,1.26077,0.592206,-0.75,1.26077,0.622205,-0.75,1.26077,0.622205,-0.75,1.26077,0.622205,1.125,1.26077,0.622205,1.125,-1.73923,0.622205,1.125,-1.73923,0.622205,1.125,-1.73923,-0.00779475,1.125,-1.73923,-0.00779475,1.125,-1.73923,0.622205,-1.125,-1.73923,0.622205,-1.125,-1.73923,0.622205,-0.75,-1.73923,0.622205,-0.75,-1.73923,-0.00779448,-1.125,-1.73923,-0.00779448,-1.125,1.26077,-1.10779,1.125,1.26077,-1.10779,1.125,0.630771,-1.10779,1.125,0.630771,-1.10779,1.125,-0.469229,-0.00779475,1.125,-0.469229,-0.00779475,1.125,-1.73923,0.592206,-0.75,-1.73923,0.592206,-0.75],
    "metadata":{
        "type":"Geometry",
        "normals":8,
        "materials":2,
        "version":3,
        "vertices":64,
        "faces":34,
        "uvs":1,
        "generator":"io_three",
        "colors":0
    },
    "faces":[42,26,45,57,1,9,0,1,0,0,0,42,34,36,42,1,2,3,4,0,1,0,42,42,40,6,1,4,5,6,0,0,1,42,24,26,57,1,8,9,1,0,0,0,42,7,24,57,1,7,8,1,0,0,0,42,34,42,6,1,2,4,6,0,0,1,42,6,7,57,1,6,7,1,1,0,0,42,57,34,6,1,1,2,6,0,0,1,42,44,46,48,1,15,10,11,2,2,2,42,60,58,56,1,12,13,14,2,2,2,42,44,48,60,1,15,11,12,2,2,2,42,60,56,44,1,12,14,15,2,2,2,42,52,50,55,1,23,16,17,3,3,3,42,49,47,33,1,11,10,18,3,3,3,42,33,38,18,1,18,19,20,3,3,3,42,63,52,55,1,22,23,17,3,3,3,42,19,63,55,1,21,22,17,3,3,3,42,49,33,18,1,11,18,20,3,3,3,42,18,19,55,1,20,21,17,3,3,3,42,55,49,18,1,17,11,20,3,3,3,42,35,28,30,1,29,24,25,4,4,4,42,30,54,51,1,25,26,27,4,4,4,42,37,35,30,1,28,29,25,4,4,4,42,30,51,37,1,25,27,28,4,4,4,43,31,29,59,61,1,30,31,32,33,5,5,5,5,43,1,13,22,2,1,34,35,36,37,6,6,6,6,43,15,23,12,11,1,38,39,40,41,6,6,6,6,43,43,3,14,53,1,42,43,44,45,7,7,7,7,43,62,5,4,21,1,46,47,15,48,2,2,2,2,43,41,20,39,25,0,42,45,49,50,7,7,7,7,43,63,19,18,38,0,22,21,20,19,3,3,3,3,43,8,17,32,27,1,51,52,53,28,4,4,4,4,43,0,9,16,10,1,55,50,49,54,7,7,7,7,43,24,7,6,40,0,8,7,6,5,0,0,1,0],
    "uvs":[[1.11536e-13,1.73,1.11536e-13,8.0502e-14,2.25,7.90582e-14,2.25,1.73,1.875,1.73,1.875,1.7,1.875,1.4,0.375,1.4,0.375,1.7,0.375,1.73,0,1.73,0,1.1,1.27,1.1,2.37,-6.76636e-29,3,9.15925e-14,3,1.73,-2.25,1.73,-2.25,1.1,-0.375,1.73,-0.375,1.7,-0.375,1.4,-1.875,1.4,-1.875,1.7,-1.875,1.73,-2.37,1.1823e-13,-1.27,1.1,-2.62974e-13,1.1,-2.62974e-13,1.73,-3,1.73,-3,1.1823e-13,-2.25,-0.120208,-2.25,-1.67584,-1.3829e-13,-1.67584,-1.03539e-13,-0.120208,-3,8.37417e-14,-2.37,6.4972e-14,-2.37,2.25,-3,2.25,-1.33241e-13,2.25,-1.27,2.25,-1.27,8.13233e-14,4.00178e-14,1.70732e-14,3,1.875,3,2.25,1.73259e-13,2.25,1.44382e-13,1.875,1.75122e-13,1.7,3,1.7,1.75122e-13,1.73,1.67483e-13,0.375,3,0.375,-3,1.7,-1.73631e-13,1.7,-1.73631e-13,1.73,0,0,3,8.37417e-14]],
    "colors":[]
}